23.04.2015 19:04:22;http://localhost:53762/
23.04.2015 19:04:36;http://localhost:53762/
23.04.2015 19:10:17;http://localhost:53762/
23.04.2015 19:10:24;http://localhost:53762/
23.04.2015 19:16:55;http://localhost:53762/
23.04.2015 19:18:27;http://localhost:53762/
23.04.2015 19:18:31;http://localhost:53762/
23.04.2015 19:18:42;http://localhost:53762/Home/list/Books
23.04.2015 19:22:12;http://localhost:53762/
23.04.2015 19:22:16;http://localhost:53762/
23.04.2015 19:22:21;http://localhost:53762/Home/list/Books
23.04.2015 19:23:40;http://localhost:53762/Home/list
23.04.2015 19:23:42;http://localhost:53762/Home/list
23.04.2015 19:23:45;http://localhost:53762/Home/list/Books
23.04.2015 19:23:46;http://localhost:53762/Home/list/Books
23.04.2015 19:23:49;http://localhost:53762/Home/list/Sweets
23.04.2015 19:23:49;http://localhost:53762/Home/list/Sweets
23.04.2015 19:23:50;http://localhost:53762/Home/list/Toys
23.04.2015 19:23:50;http://localhost:53762/Home/list/Toys
23.04.2015 19:30:27;http://localhost:53762/
23.04.2015 19:30:32;http://localhost:53762/
23.04.2015 19:30:45;http://localhost:53762/Home/list/Books
23.04.2015 19:32:22;http://localhost:53762/Home/list
23.04.2015 19:32:24;http://localhost:53762/Home/list
23.04.2015 19:32:27;http://localhost:53762/Home/list/Books
23.04.2015 19:32:28;http://localhost:53762/Home/list/Books
23.04.2015 19:33:49;http://localhost:53762/
23.04.2015 19:33:51;http://localhost:53762/
23.04.2015 19:33:59;http://localhost:53762/Home/list/Books
23.04.2015 19:34:00;http://localhost:53762/Home/list/Books
23.04.2015 19:36:18;http://localhost:53762/
23.04.2015 19:36:21;http://localhost:53762/
23.04.2015 19:36:26;http://localhost:53762/Home/list/Books
23.04.2015 19:36:26;http://localhost:53762/Home/list/Books
23.04.2015 19:37:21;http://localhost:53762/
23.04.2015 19:37:23;http://localhost:53762/
23.04.2015 19:37:44;http://localhost:53762/
23.04.2015 19:37:46;http://localhost:53762/
23.04.2015 19:37:50;http://localhost:53762/Home/list/Books
23.04.2015 19:37:51;http://localhost:53762/Home/list/Books
23.04.2015 19:37:53;http://localhost:53762/Home/list/Sweets
23.04.2015 19:37:53;http://localhost:53762/Home/list/Sweets
23.04.2015 19:37:54;http://localhost:53762/Home/list/Toys
23.04.2015 19:37:54;http://localhost:53762/Home/list/Toys
23.04.2015 19:41:23;http://localhost:53762/
23.04.2015 19:41:25;http://localhost:53762/
23.04.2015 19:42:22;http://localhost:53762/
23.04.2015 19:42:25;http://localhost:53762/
23.04.2015 19:42:40;http://localhost:53762/Home/list/Books
23.04.2015 19:42:41;http://localhost:53762/Home/list/Books
23.04.2015 19:42:43;http://localhost:53762/Home/list/Sweets
23.04.2015 19:42:43;http://localhost:53762/Home/list/Sweets
23.04.2015 19:42:44;http://localhost:53762/Home/list/Toys
23.04.2015 19:42:44;http://localhost:53762/Home/list/Toys
23.04.2015 19:42:48;http://localhost:53762/Home/list/Books
23.04.2015 19:42:48;http://localhost:53762/Home/list/Books
23.04.2015 19:43:12;http://localhost:53762/
23.04.2015 19:43:14;http://localhost:53762/
23.04.2015 19:43:17;http://localhost:53762/Home/list/Books
23.04.2015 19:43:18;http://localhost:53762/Home/list/Books
23.04.2015 19:46:32;http://localhost:53762/Home/Index
23.04.2015 19:46:34;http://localhost:53762/Home/Index
23.04.2015 19:46:45;http://localhost:53762/Home/list/Books
23.04.2015 19:46:46;http://localhost:53762/Home/list/Books
23.04.2015 19:46:48;http://localhost:53762/Home/list/Sweets
23.04.2015 19:46:48;http://localhost:53762/Home/list/Sweets
23.04.2015 19:46:50;http://localhost:53762/Home/list/Toys
23.04.2015 19:46:50;http://localhost:53762/Home/list/Toys
23.04.2015 19:47:21;http://localhost:53762/
23.04.2015 19:47:23;http://localhost:53762/
23.04.2015 19:47:27;http://localhost:53762/Home/list/Books
23.04.2015 19:47:28;http://localhost:53762/Home/list/Books
